Species,CalendarYear,SpeciesType,SACN,Imports,Exports,Consumption,Production,Purchases,UKPOP,Protein_g100g,Omega3_DHAEPA_g100g,VitaminA_ľg100g,VitaminD_ľg100g,VitaminB12_ľg100g,Zinc_mg100g,Iron_mg100g,Calcium_mg100g,Selenium_ľg100g,Iodine_ľg100g
Char,2018,Freshwater,Oily,NA,NA,NA,2614400,NA,66435600,16.1,1.06,30,6.9,10,0.4,0.2,16,30,20
Char,2013,Freshwater,Oily,NA,NA,NA,4912750,NA,64105700,16.1,1.06,30,6.9,10,0.4,0.2,16,30,20
Char,2016,Freshwater,Oily,NA,NA,NA,7189600,NA,65648100,16.1,1.06,30,6.9,10,0.4,0.2,16,30,20
Char,2017,Freshwater,Oily,NA,NA,NA,6398400,NA,66040200,16.1,1.06,30,6.9,10,0.4,0.2,16,30,20
Char,2014,Freshwater,Oily,NA,NA,NA,4419970,NA,64596800,16.1,1.06,30,6.9,10,0.4,0.2,16,30,20
Char,2011,Freshwater,Oily,NA,NA,NA,5375000,NA,63285100,16.1,1.06,30,6.9,10,0.4,0.2,16,30,20
Char,2010,Freshwater,Oily,NA,NA,NA,5891000,NA,62759500,16.1,1.06,30,6.9,10,0.4,0.2,16,30,20
Char,2015,Freshwater,Oily,NA,NA,NA,4863300,NA,65110000,16.1,1.06,30,6.9,10,0.4,0.2,16,30,20
Char,2012,Freshwater,Oily,NA,NA,NA,3388400,NA,63705000,16.1,1.06,30,6.9,10,0.4,0.2,16,30,20
Char,2009,Freshwater,Oily,NA,NA,NA,3999000,NA,62260500,16.1,1.06,30,6.9,10,0.4,0.2,16,30,20
Char,2019,Freshwater,Oily,NA,NA,NA,2625150,NA,66796800,16.1,1.06,30,6.9,10,0.4,0.2,16,30,20
Cod,2010,Marine,Lean,1.03E+11,31343649000,57016002011,12887041650,NA,62759500,17.5,0.074693515,2,NA,1.45,0.34,0.1,12,23,196
Cod,2018,Marine,Lean,1.02E+11,13973408000,57392632846,17275627900,NA,66435600,17.5,0.074693515,2,NA,1.45,0.34,0.1,12,23,196
Cod,2014,Marine,Lean,1.15E+11,15074681000,65123716526,15124414350,NA,64596800,17.5,0.074693515,2,NA,1.45,0.34,0.1,12,23,196
Cod,2013,Marine,Lean,1.15E+11,16154011000,71080988789,14740003300,NA,64105700,17.5,0.074693515,2,NA,1.45,0.34,0.1,12,23,196
Cod,2012,Marine,Lean,1.01E+11,19186436000,62786441284,13233261550,NA,63705000,17.5,0.074693515,2,NA,1.45,0.34,0.1,12,23,196
Cod,2017,Marine,Lean,1.09E+11,16069671000,49083791179,19211383550,NA,66040200,17.5,0.074693515,2,NA,1.45,0.34,0.1,12,23,196
Cod,2009,Marine,Lean,1.07E+11,32810241000,59644983557,11268616800,NA,62260500,17.5,0.074693515,2,NA,1.45,0.34,0.1,12,23,196
Cod,2016,Marine,Lean,1.19E+11,16430581000,68469490927,17061712550,NA,65648100,17.5,0.074693515,2,NA,1.45,0.34,0.1,12,23,196
Cod,2011,Marine,Lean,1.04E+11,35364590000,72705840079,11594355650,NA,63285100,17.5,0.074693515,2,NA,1.45,0.34,0.1,12,23,196
Cod,2015,Marine,Lean,1.14E+11,15461819000,67286442997,14149833550,NA,65110000,17.5,0.074693515,2,NA,1.45,0.34,0.1,12,23,196
Cod,2020,Marine,Lean,96847713000,9691269000,34357878077,12374935600,NA,67081000,17.5,0.074693515,2,NA,1.45,0.34,0.1,12,23,196
Cod,2019,Marine,Lean,1.04E+11,11710900000,54979364189,14499718400,NA,66796800,17.5,0.074693515,2,NA,1.45,0.34,0.1,12,23,196
Coley,2019,Marine,Lean,1807932000,7311519000,NA,7646355500,NA,66796800,18,0.225303347,NA,NA,3.48,0.43,0.27,7,33,111
Coley,2015,Marine,Lean,2013797000,4680077000,NA,6517026200,NA,65110000,18,0.225303347,NA,NA,3.48,0.43,0.27,7,33,111
Coley,2020,Marine,Lean,1636079000,7024664000,NA,6130728650,NA,67081000,18,0.225303347,NA,NA,3.48,0.43,0.27,7,33,111
Coley,2012,Marine,Lean,3244196000,4377903000,840300589,6536547000,NA,63705000,18,0.225303347,NA,NA,3.48,0.43,0.27,7,33,111
Coley,2017,Marine,Lean,2593615000,5216386000,NA,5914864650,NA,66040200,18,0.225303347,NA,NA,3.48,0.43,0.27,7,33,111
Coley,2018,Marine,Lean,2516146000,6456815000,NA,8000157650,NA,66435600,18,0.225303347,NA,NA,3.48,0.43,0.27,7,33,111
Coley,2009,Marine,Lean,7017233000,8282488000,1188372707,8624613800,NA,62260500,18,0.225303347,NA,NA,3.48,0.43,0.27,7,33,111
Coley,2011,Marine,Lean,3814613000,5603871000,245012409,7907962100,NA,63285100,18,0.225303347,NA,NA,3.48,0.43,0.27,7,33,111
Coley,2013,Marine,Lean,2655067000,4847741000,35185835,7343431300,NA,64105700,18,0.225303347,NA,NA,3.48,0.43,0.27,7,33,111
Coley,2014,Marine,Lean,2959845000,4648328000,363542554,6375492500,NA,64596800,18,0.225303347,NA,NA,3.48,0.43,0.27,7,33,111
Coley,2010,Marine,Lean,6793514000,6398664000,288227422,8063274150,NA,62759500,18,0.225303347,NA,NA,3.48,0.43,0.27,7,33,111
Coley,2016,Marine,Lean,2582317000,5173382000,917797574,6180779550,NA,65648100,18,0.225303347,NA,NA,3.48,0.43,0.27,7,33,111
Dogfish,2016,Marine,Lean,494298000,212693000,NA,875441650,NA,65648100,17.9,1.37,0,9.1,2,0.3,0.3,6,20,42
Dogfish,2012,Marine,Lean,468614000,165095000,253650875,309157700,NA,63705000,17.9,1.37,0,9.1,2,0.3,0.3,6,20,42
Dogfish,2014,Marine,Lean,593642000,250193000,NA,334630050,NA,64596800,17.9,1.37,0,9.1,2,0.3,0.3,6,20,42
Dogfish,2017,Marine,Lean,384626000,89654000,NA,766339350,NA,66040200,17.9,1.37,0,9.1,2,0.3,0.3,6,20,42
Dogfish,2009,Marine,Lean,879937000,148218000,NA,531003400,NA,62260500,17.9,1.37,0,9.1,2,0.3,0.3,6,20,42
Dogfish,2015,Marine,Lean,465619000,158519000,NA,815843250,NA,65110000,17.9,1.37,0,9.1,2,0.3,0.3,6,20,42
Dogfish,2010,Marine,Lean,563263000,84129000,NA,311535200,NA,62759500,17.9,1.37,0,9.1,2,0.3,0.3,6,20,42
Dogfish,2019,Marine,Lean,226947000,135394000,NA,1011026100,NA,66796800,17.9,1.37,0,9.1,2,0.3,0.3,6,20,42
Dogfish,2011,Marine,Lean,713093000,240380000,NA,254485100,NA,63285100,17.9,1.37,0,9.1,2,0.3,0.3,6,20,42
Dogfish,2018,Marine,Lean,242703000,62882000,NA,1051657500,NA,66435600,17.9,1.37,0,9.1,2,0.3,0.3,6,20,42
Dogfish,2020,Marine,Lean,240817000,126996000,NA,932126400,NA,67081000,17.9,1.37,0,9.1,2,0.3,0.3,6,20,42
Dogfish,2013,Marine,Lean,458520000,141477000,NA,344374150,NA,64105700,17.9,1.37,0,9.1,2,0.3,0.3,6,20,42
Eel,2018,Diadromous,Oily,235309000,91685000,33039504,NA,NA,66435600,17.3,5.69,600,30,3,2.6,0.4,43,57,43
Eel,2015,Diadromous,Oily,207312000,105613000,1460072500,NA,NA,65110000,17.3,5.69,600,30,3,2.6,0.4,43,57,43
Eel,2013,Diadromous,Oily,192038000,77903000,NA,NA,NA,64105700,17.3,5.69,600,30,3,2.6,0.4,43,57,43
Eel,2017,Diadromous,Oily,239859000,109127000,NA,NA,NA,66040200,17.3,5.69,600,30,3,2.6,0.4,43,57,43
Eel,2012,Diadromous,Oily,190916000,65085000,NA,NA,NA,63705000,17.3,5.69,600,30,3,2.6,0.4,43,57,43
Eel,2009,Diadromous,Oily,265200000,93943000,NA,NA,NA,62260500,17.3,5.69,600,30,3,2.6,0.4,43,57,43
Eel,2019,Diadromous,Oily,265469000,69711000,635149645,NA,NA,66796800,17.3,5.69,600,30,3,2.6,0.4,43,57,43
Eel,2016,Diadromous,Oily,235991000,102842000,1532533930,NA,NA,65648100,17.3,5.69,600,30,3,2.6,0.4,43,57,43
Eel,2014,Diadromous,Oily,188567000,127612000,NA,NA,NA,64596800,17.3,5.69,600,30,3,2.6,0.4,43,57,43
Eel,2020,Diadromous,Oily,126192000,62261000,NA,NA,NA,67081000,17.3,5.69,600,30,3,2.6,0.4,43,57,43
Eel,2010,Diadromous,Oily,122941000,118663000,NA,NA,NA,62759500,17.3,5.69,600,30,3,2.6,0.4,43,57,43
Eel,2011,Diadromous,Oily,87217000,75398000,245381404,NA,NA,63285100,17.3,5.69,600,30,3,2.6,0.4,43,57,43
Haddock,2011,Marine,Lean,58161278000,2920126000,37386990529,14917768950,NA,63285100,17.8,0.080756276,1,NA,1.9,0.31,0.12,11,34,320
Haddock,2009,Marine,Lean,66617932000,2923138000,38532290234,18167814700,NA,62260500,17.8,0.080756276,1,NA,1.9,0.31,0.12,11,34,320
Haddock,2012,Marine,Lean,60024943000,1593024000,33206808564,17588289700,NA,63705000,17.8,0.080756276,1,NA,1.9,0.31,0.12,11,34,320
Haddock,2013,Marine,Lean,43925994000,1002164000,22716727880,19872954650,NA,64105700,17.8,0.080756276,1,NA,1.9,0.31,0.12,11,34,320
Haddock,2014,Marine,Lean,34298238000,930257000,17083578458,18128215500,NA,64596800,17.8,0.080756276,1,NA,1.9,0.31,0.12,11,34,320
Haddock,2010,Marine,Lean,59384776000,3458340000,38961904625,16810180200,NA,62759500,17.8,0.080756276,1,NA,1.9,0.31,0.12,11,34,320
Haddock,2017,Marine,Lean,45163726000,1141138000,20052914288,17120695200,NA,66040200,17.8,0.080756276,1,NA,1.9,0.31,0.12,11,34,320
Haddock,2019,Marine,Lean,49933774000,1918477000,18990663411,16876212000,NA,66796800,17.8,0.080756276,1,NA,1.9,0.31,0.12,11,34,320
Haddock,2016,Marine,Lean,43796595000,1149509000,16616299466,17015366750,NA,65648100,17.8,0.080756276,1,NA,1.9,0.31,0.12,11,34,320
Haddock,2020,Marine,Lean,45822580000,1464145000,9881715934,14426858550,NA,67081000,17.8,0.080756276,1,NA,1.9,0.31,0.12,11,34,320
Haddock,2015,Marine,Lean,40335210000,893941000,16370938865,16658168100,NA,65110000,17.8,0.080756276,1,NA,1.9,0.31,0.12,11,34,320
Haddock,2018,Marine,Lean,48809819000,1303657000,16211387490,17829564950,NA,66435600,17.8,0.080756276,1,NA,1.9,0.31,0.12,11,34,320
Halibut,2013,Marine,Oily,1493863000,512043000,NA,47895525,NA,64105700,17,0.81,17,9.7,0.7,0.4,0.2,4,60,21
Halibut,2015,Marine,Oily,943886000,412534000,NA,50137470,NA,65110000,17,0.81,17,9.7,0.7,0.4,0.2,4,60,21
Halibut,2019,Marine,Oily,1145696000,274964000,NA,112993515,NA,66796800,17,0.81,17,9.7,0.7,0.4,0.2,4,60,21
Halibut,2011,Marine,Oily,1650897000,960261000,541192069,85742370,NA,63285100,17,0.81,17,9.7,0.7,0.4,0.2,4,60,21
Halibut,2010,Marine,Oily,2057218000,1272072000,1544075475,147622050,NA,62759500,17,0.81,17,9.7,0.7,0.4,0.2,4,60,21
Halibut,2017,Marine,Oily,1159575000,335194000,NA,92720700,NA,66040200,17,0.81,17,9.7,0.7,0.4,0.2,4,60,21
Halibut,2020,Marine,Oily,892141000,816463000,NA,91093905,NA,67081000,17,0.81,17,9.7,0.7,0.4,0.2,4,60,21
Halibut,2009,Marine,Oily,3065729000,1609663000,1018210713,204950430,NA,62260500,17,0.81,17,9.7,0.7,0.4,0.2,4,60,21
Halibut,2018,Marine,Oily,1098025000,250503000,100119710,111889350,NA,66435600,17,0.81,17,9.7,0.7,0.4,0.2,4,60,21
Halibut,2016,Marine,Oily,1271949000,364949000,NA,59093235,NA,65648100,17,0.81,17,9.7,0.7,0.4,0.2,4,60,21
Halibut,2014,Marine,Oily,1280200000,508146000,307612930,29700000,NA,64596800,17,0.81,17,9.7,0.7,0.4,0.2,4,60,21
Halibut,2012,Marine,Oily,1553264000,821455000,1302273438,64998540,NA,63705000,17,0.81,17,9.7,0.7,0.4,0.2,4,60,21
Herring,2019,Marine,Oily,5386393000,34121043000,1837142491,44520676129,10424379722,66796800,17,3.76,6,11.5,12,0.5,1,38,50,16
Herring,2018,Marine,Oily,4149744000,50155888000,3322490630,60865199450,12496019892,66435600,17,3.76,6,11.5,12,0.5,1,38,50,16
Herring,2013,Marine,Oily,11715180000,52365842000,4059553632,55365665018,12471963631,64105700,17,3.76,6,11.5,12,0.5,1,38,50,16
Herring,2014,Marine,Oily,11683562000,62466754000,9251212094,57633242934,18985004605,64596800,17,3.76,6,11.5,12,0.5,1,38,50,16
Herring,2011,Marine,Oily,11940919000,32202751000,4304319030,36327021157,13955703723,63285100,17,3.76,6,11.5,12,0.5,1,38,50,16
Herring,2010,Marine,Oily,8507632000,36192198000,8156825751,39474403356,17439469788,62759500,17,3.76,6,11.5,12,0.5,1,38,50,16
Herring,2016,Marine,Oily,9419863000,43018113000,4384093478,54416467708,11852434842,65648100,17,3.76,6,11.5,12,0.5,1,38,50,16
Herring,2009,Marine,Oily,8384763000,33574186000,7061180847,39601510065,18144557633,62260500,17,3.76,6,11.5,12,0.5,1,38,50,16
Herring,2020,Marine,Oily,4154964000,36546204000,3136744827,45218411486,13121606557,67081000,17,3.76,6,11.5,12,0.5,1,38,50,16
Herring,2017,Marine,Oily,6614004000,40664121000,3182463218,49597288059,13316320678,66040200,17,3.76,6,11.5,12,0.5,1,38,50,16
Herring,2015,Marine,Oily,9212837000,62911740000,9119654118,55309450290,12994415861,65110000,17,3.76,6,11.5,12,0.5,1,38,50,16
Herring,2012,Marine,Oily,18714708000,57851248000,5387919470,53347741531,13766976983,63705000,17,3.76,6,11.5,12,0.5,1,38,50,16
Lemon sole,2017,Marine,Lean,NA,NA,1117702714,NA,NA,66040200,16,0.05,0,0,1,0.3,0.1,26,40,23
Lemon sole,2020,Marine,Lean,NA,NA,2680928230,NA,NA,67081000,16,0.05,0,0,1,0.3,0.1,26,40,23
Lemon sole,2015,Marine,Lean,NA,NA,1311210973,NA,NA,65110000,16,0.05,0,0,1,0.3,0.1,26,40,23
Lemon sole,2019,Marine,Lean,NA,NA,876673655,NA,NA,66796800,16,0.05,0,0,1,0.3,0.1,26,40,23
Lemon sole,2009,Marine,Lean,NA,NA,3928819537,NA,NA,62260500,16,0.05,0,0,1,0.3,0.1,26,40,23
Lemon sole,2013,Marine,Lean,NA,NA,3005994329,NA,NA,64105700,16,0.05,0,0,1,0.3,0.1,26,40,23
Lemon sole,2018,Marine,Lean,NA,NA,1702035086,NA,NA,66435600,16,0.05,0,0,1,0.3,0.1,26,40,23
Lemon sole,2011,Marine,Lean,NA,NA,3592100368,NA,NA,63285100,16,0.05,0,0,1,0.3,0.1,26,40,23
Lemon sole,2012,Marine,Lean,NA,NA,2654552594,NA,NA,63705000,16,0.05,0,0,1,0.3,0.1,26,40,23
Lemon sole,2016,Marine,Lean,NA,NA,2234721221,NA,NA,65648100,16,0.05,0,0,1,0.3,0.1,26,40,23
Lemon sole,2014,Marine,Lean,NA,NA,4729548805,NA,NA,64596800,16,0.05,0,0,1,0.3,0.1,26,40,23
Lemon sole,2010,Marine,Lean,NA,NA,2168568223,NA,NA,62759500,16,0.05,0,0,1,0.3,0.1,26,40,23
Ling,2016,Marine,Lean,1237902000,2061097000,NA,2719996800,NA,65648100,17.5,0.05,2,3.4,0.5,0.4,0.2,28,30,66
Ling,2014,Marine,Lean,1137422000,2209139000,NA,2436974450,NA,64596800,17.5,0.05,2,3.4,0.5,0.4,0.2,28,30,66
Ling,2017,Marine,Lean,903790000,2171606000,NA,2845428000,NA,66040200,17.5,0.05,2,3.4,0.5,0.4,0.2,28,30,66
Ling,2010,Marine,Lean,2650598000,3022082000,NA,2236070650,NA,62759500,17.5,0.05,2,3.4,0.5,0.4,0.2,28,30,66
Ling,2011,Marine,Lean,1964871000,2688041000,NA,2368939600,NA,63285100,17.5,0.05,2,3.4,0.5,0.4,0.2,28,30,66
Ling,2015,Marine,Lean,892024000,2009368000,NA,2290964200,NA,65110000,17.5,0.05,2,3.4,0.5,0.4,0.2,28,30,66
Ling,2012,Marine,Lean,1311119000,2263426000,NA,2337148650,NA,63705000,17.5,0.05,2,3.4,0.5,0.4,0.2,28,30,66
Ling,2009,Marine,Lean,2714739000,2090279000,NA,2129973000,NA,62260500,17.5,0.05,2,3.4,0.5,0.4,0.2,28,30,66
Ling,2020,Marine,Lean,728801000,1937306000,NA,2477650650,NA,67081000,17.5,0.05,2,3.4,0.5,0.4,0.2,28,30,66
Ling,2019,Marine,Lean,386849000,1734388000,NA,2936932250,NA,66796800,17.5,0.05,2,3.4,0.5,0.4,0.2,28,30,66
Ling,2018,Marine,Lean,860136000,1762101000,NA,2882574900,NA,66435600,17.5,0.05,2,3.4,0.5,0.4,0.2,28,30,66
Ling,2013,Marine,Lean,1105158000,2580693000,NA,2295920200,NA,64105700,17.5,0.05,2,3.4,0.5,0.4,0.2,28,30,66
Mackerel,2018,Marine,Oily,13355912000,66128424000,20432736598,82085508244,NA,66435600,18,2.599625523,54,8,8.81,0.51,0.98,20,42,29
Mackerel,2010,Marine,Oily,41832679000,1.12E+11,18583896582,69088621289,NA,62759500,18,2.599625523,54,8,8.81,0.51,0.98,20,42,29
Mackerel,2015,Marine,Oily,17754223000,79029280000,14014602762,1.07E+11,NA,65110000,18,2.599625523,54,8,8.81,0.51,0.98,20,42,29
Mackerel,2019,Marine,Oily,18888618000,60720303000,19880887026,65423159346,NA,66796800,18,2.599625523,54,8,8.81,0.51,0.98,20,42,29
Mackerel,2016,Marine,Oily,17917907000,81130443000,17102033185,93452723579,NA,65648100,18,2.599625523,54,8,8.81,0.51,0.98,20,42,29
Mackerel,2020,Marine,Oily,13677890000,69399342000,13407098382,87851662173,NA,67081000,18,2.599625523,54,8,8.81,0.51,0.98,20,42,29
Mackerel,2017,Marine,Oily,21554272000,76520360000,19504011892,97589606863,NA,66040200,18,2.599625523,54,8,8.81,0.51,0.98,20,42,29
Mackerel,2014,Marine,Oily,31189581000,1.19E+11,22340232865,1.24E+11,NA,64596800,18,2.599625523,54,8,8.81,0.51,0.98,20,42,29
Mackerel,2012,Marine,Oily,47720094000,74114792000,19199277447,72601889204,NA,63705000,18,2.599625523,54,8,8.81,0.51,0.98,20,42,29
Mackerel,2009,Marine,Oily,30741533000,1.02E+11,15130027456,74093383033,NA,62260500,18,2.599625523,54,8,8.81,0.51,0.98,20,42,29
Mackerel,2013,Marine,Oily,27876901000,80038590000,26982918785,70438086118,NA,64105700,18,2.599625523,54,8,8.81,0.51,0.98,20,42,29
Mackerel,2011,Marine,Oily,29986375000,77056983000,15595505610,78352477262,NA,63285100,18,2.599625523,54,8,8.81,0.51,0.98,20,42,29
Monkfish,2018,Marine,Lean,1178881000,3984596000,574687141,9333199100,NA,66435600,15.8,0.03,80,1,0.8,0.3,0,5,30,14
Monkfish,2015,Marine,Lean,894870000,3801208000,439119549,9091891750,NA,65110000,15.8,0.03,80,1,0.8,0.3,0,5,30,14
Monkfish,2010,Marine,Lean,3145405000,4274728000,127643572,7197154600,NA,62759500,15.8,0.03,80,1,0.8,0.3,0,5,30,14
Monkfish,2011,Marine,Lean,2543359000,3755729000,351282852,7563254850,NA,63285100,15.8,0.03,80,1,0.8,0.3,0,5,30,14
Monkfish,2016,Marine,Lean,1184346000,4503302000,NA,10224081250,NA,65648100,15.8,0.03,80,1,0.8,0.3,0,5,30,14
Monkfish,2014,Marine,Lean,1475706000,3363408000,236390050,7915907850,NA,64596800,15.8,0.03,80,1,0.8,0.3,0,5,30,14
Monkfish,2017,Marine,Lean,1138159000,4720359000,215460764,10059711950,NA,66040200,15.8,0.03,80,1,0.8,0.3,0,5,30,14
Monkfish,2012,Marine,Lean,2428083000,2375015000,994311433,6734765250,NA,63705000,15.8,0.03,80,1,0.8,0.3,0,5,30,14
Monkfish,2020,Marine,Lean,1332378000,4290160000,789824677,8956452600,NA,67081000,15.8,0.03,80,1,0.8,0.3,0,5,30,14
Monkfish,2009,Marine,Lean,2793031000,3923529000,973340410,7548938000,NA,62260500,15.8,0.03,80,1,0.8,0.3,0,5,30,14
Monkfish,2013,Marine,Lean,1515339000,2307938000,NA,6781586000,NA,64105700,15.8,0.03,80,1,0.8,0.3,0,5,30,14
Monkfish,2019,Marine,Lean,1520856000,3835545000,519485552,8833539800,NA,66796800,15.8,0.03,80,1,0.8,0.3,0,5,30,14
Mussel,2017,Molluscs,Shellfish,3932327000,3472683000,3190387172,5059728360,NA,66040200,10.4,0.4,14,0,25,3.4,7.7,30,46,270
Mussel,2019,Molluscs,Shellfish,5210711000,3435643000,2094156687,4010359800,NA,66796800,10.4,0.4,14,0,25,3.4,7.7,30,46,270
Mussel,2013,Molluscs,Shellfish,5273468000,8216695000,2391281496,6919958280,NA,64105700,10.4,0.4,14,0,25,3.4,7.7,30,46,270
Mussel,2012,Molluscs,Shellfish,5832415000,12130773000,2866404104,8015335740,NA,63705000,10.4,0.4,14,0,25,3.4,7.7,30,46,270
Mussel,2010,Molluscs,Shellfish,6540142000,9906553000,1179124658,9660061800,NA,62759500,10.4,0.4,14,0,25,3.4,7.7,30,46,270
Mussel,2009,Molluscs,Shellfish,5521608000,13605384000,2356588294,10180793040,NA,62260500,10.4,0.4,14,0,25,3.4,7.7,30,46,270
Mussel,2018,Molluscs,Shellfish,5602664000,3480694000,1204918975,4403182080,NA,66435600,10.4,0.4,14,0,25,3.4,7.7,30,46,270
Mussel,2011,Molluscs,Shellfish,6824481000,11507021000,3232392631,8428686960,NA,63285100,10.4,0.4,14,0,25,3.4,7.7,30,46,270
Mussel,2015,Molluscs,Shellfish,4397630000,4919815000,2629272212,6063983940,NA,65110000,10.4,0.4,14,0,25,3.4,7.7,30,46,270
Mussel,2016,Molluscs,Shellfish,4658191000,3238609000,2692519876,4890721140,NA,65648100,10.4,0.4,14,0,25,3.4,7.7,30,46,270
Mussel,2020,Molluscs,Shellfish,4198657000,4434935000,4472162840,2717205000,NA,67081000,10.4,0.4,14,0,25,3.4,7.7,30,46,270
Mussel,2014,Molluscs,Shellfish,5004694000,4415195000,3117464792,5964972000,NA,64596800,10.4,0.4,14,0,25,3.4,7.7,30,46,270
Oyster,2014,Molluscs,Shellfish,337876000,1136344000,NA,506207700,NA,64596800,9.3,0.48,38,3.1,14,42,3.1,22,60,85
Oyster,2018,Molluscs,Shellfish,382775000,1357967000,NA,701625000,NA,66435600,9.3,0.48,38,3.1,14,42,3.1,22,60,85
Oyster,2011,Molluscs,Shellfish,747393000,1535710000,405894051,260400000,NA,63285100,9.3,0.48,38,3.1,14,42,3.1,22,60,85
Oyster,2015,Molluscs,Shellfish,307102000,1274881000,NA,556663800,NA,65110000,9.3,0.48,38,3.1,14,42,3.1,22,60,85
Oyster,2012,Molluscs,Shellfish,859170000,1558539000,NA,395170500,NA,63705000,9.3,0.48,38,3.1,14,42,3.1,22,60,85
Oyster,2009,Molluscs,Shellfish,308275000,819632000,NA,472800000,NA,62260500,9.3,0.48,38,3.1,14,42,3.1,22,60,85
Oyster,2016,Molluscs,Shellfish,341442000,1616440000,NA,656412000,NA,65648100,9.3,0.48,38,3.1,14,42,3.1,22,60,85
Oyster,2020,Molluscs,Shellfish,138766000,1635505000,NA,544110000,NA,67081000,9.3,0.48,38,3.1,14,42,3.1,22,60,85
Oyster,2017,Molluscs,Shellfish,303484000,1557767000,144281761,684045000,NA,66040200,9.3,0.48,38,3.1,14,42,3.1,22,60,85
Oyster,2013,Molluscs,Shellfish,309308000,924959000,384437830,388973100,NA,64105700,9.3,0.48,38,3.1,14,42,3.1,22,60,85
Oyster,2010,Molluscs,Shellfish,279641000,1013309000,68625576,379965000,NA,62759500,9.3,0.48,38,3.1,14,42,3.1,22,60,85
Oyster,2019,Molluscs,Shellfish,205359000,1077884000,NA,798295200,NA,66796800,9.3,0.48,38,3.1,14,42,3.1,22,60,85
Plaice,2010,Marine,Lean,4753816000,592647000,4249570211,7389011160,NA,62759500,16.4,0.162398536,NA,NA,1.3,0.45,0.1,17,35,31
Plaice,2009,Marine,Lean,6104997000,734082000,2999476183,6660060975,NA,62260500,16.4,0.162398536,NA,NA,1.3,0.45,0.1,17,35,31
Plaice,2020,Marine,Lean,2400516000,3277716000,2281715734,3277583550,NA,67081000,16.4,0.162398536,NA,NA,1.3,0.45,0.1,17,35,31
Plaice,2011,Marine,Lean,4349497000,438908000,7719805539,7723821735,NA,63285100,16.4,0.162398536,NA,NA,1.3,0.45,0.1,17,35,31
Plaice,2017,Marine,Lean,4152390000,1562965000,1658422663,7954860420,NA,66040200,16.4,0.162398536,NA,NA,1.3,0.45,0.1,17,35,31
Plaice,2018,Marine,Lean,3106480000,2125556000,1104720890,5569511490,NA,66435600,16.4,0.162398536,NA,NA,1.3,0.45,0.1,17,35,31
Plaice,2012,Marine,Lean,5143878000,330093000,1999126997,8438042745,NA,63705000,16.4,0.162398536,NA,NA,1.3,0.45,0.1,17,35,31
Plaice,2014,Marine,Lean,3941262000,324226000,3540432571,8614396935,NA,64596800,16.4,0.162398536,NA,NA,1.3,0.45,0.1,17,35,31
Plaice,2013,Marine,Lean,4389292000,456912000,3041619988,9551778930,NA,64105700,16.4,0.162398536,NA,NA,1.3,0.45,0.1,17,35,31
Plaice,2019,Marine,Lean,2212415000,1781973000,2202409252,4394547180,NA,66796800,16.4,0.162398536,NA,NA,1.3,0.45,0.1,17,35,31
Plaice,2016,Marine,Lean,3939536000,1082597000,2726457835,9550284345,NA,65648100,16.4,0.162398536,NA,NA,1.3,0.45,0.1,17,35,31
Plaice,2015,Marine,Lean,4073438000,424535000,2951761609,8493974775,NA,65110000,16.4,0.162398536,NA,NA,1.3,0.45,0.1,17,35,31
Pollock,2014,Marine,Lean,36323629000,3639093000,NA,1229207550,NA,64596800,16.4,0.133732218,NA,NA,2.32,0.39,0.18,12,27,56
Pollock,2010,Marine,Lean,18899003000,1751865000,NA,1002089700,NA,62759500,16.4,0.133732218,NA,NA,2.32,0.39,0.18,12,27,56
Pollock,2009,Marine,Lean,19938890000,1024195000,NA,1090622800,NA,62260500,16.4,0.133732218,NA,NA,2.32,0.39,0.18,12,27,56
Pollock,2013,Marine,Lean,37580040000,3782709000,NA,1128249800,NA,64105700,16.4,0.133732218,NA,NA,2.32,0.39,0.18,12,27,56
Pollock,2020,Marine,Lean,32330651000,2383023000,NA,804512800,NA,67081000,16.4,0.133732218,NA,NA,2.32,0.39,0.18,12,27,56
Pollock,2012,Marine,Lean,30302596000,2857370000,NA,1115868850,NA,63705000,16.4,0.133732218,NA,NA,2.32,0.39,0.18,12,27,56
Pollock,2011,Marine,Lean,27438091000,1625389000,NA,1154571400,NA,63285100,16.4,0.133732218,NA,NA,2.32,0.39,0.18,12,27,56
Pollock,2017,Marine,Lean,26071459000,1861740000,NA,938455200,NA,66040200,16.4,0.133732218,NA,NA,2.32,0.39,0.18,12,27,56
Pollock,2019,Marine,Lean,31460973000,2007684000,NA,766922050,NA,66796800,16.4,0.133732218,NA,NA,2.32,0.39,0.18,12,27,56
Pollock,2018,Marine,Lean,30291171000,2140479000,NA,871463900,NA,66435600,16.4,0.133732218,NA,NA,2.32,0.39,0.18,12,27,56
Pollock,2016,Marine,Lean,26439873000,1732068000,NA,1162243100,NA,65648100,16.4,0.133732218,NA,NA,2.32,0.39,0.18,12,27,56
Pollock,2015,Marine,Lean,24852254000,3035778000,NA,1069092550,NA,65110000,16.4,0.133732218,NA,NA,2.32,0.39,0.18,12,27,56
Prawn,2011,Crustaceans,Shellfish,1.49E+11,25360942000,24391413266,200106945,NA,63285100,17.6,0.115148536,NA,NA,1.26,1.16,0.7,44,34,5
Prawn,2016,Crustaceans,Shellfish,1.25E+11,20555247000,27310048471,362815965,NA,65648100,17.6,0.115148536,NA,NA,1.26,1.16,0.7,44,34,5
Prawn,2018,Crustaceans,Shellfish,1.22E+11,20874253000,24102196290,1085718240,NA,66435600,17.6,0.115148536,NA,NA,1.26,1.16,0.7,44,34,5
Prawn,2013,Crustaceans,Shellfish,1.39E+11,27317248000,19169493090,393264405,NA,64105700,17.6,0.115148536,NA,NA,1.26,1.16,0.7,44,34,5
Prawn,2020,Crustaceans,Shellfish,1.19E+11,19540214000,16545839711,562515660,NA,67081000,17.6,0.115148536,NA,NA,1.26,1.16,0.7,44,34,5
Prawn,2015,Crustaceans,Shellfish,1.22E+11,19137720000,20484072148,147301785,NA,65110000,17.6,0.115148536,NA,NA,1.26,1.16,0.7,44,34,5
Prawn,2012,Crustaceans,Shellfish,1.40E+11,23120797000,27634205628,1007423325,NA,63705000,17.6,0.115148536,NA,NA,1.26,1.16,0.7,44,34,5
Prawn,2010,Crustaceans,Shellfish,1.41E+11,27295573000,27356869011,1699948665,NA,62759500,17.6,0.115148536,NA,NA,1.26,1.16,0.7,44,34,5
Prawn,2017,Crustaceans,Shellfish,1.23E+11,22364116000,26085094014,264804975,NA,66040200,17.6,0.115148536,NA,NA,1.26,1.16,0.7,44,34,5
Prawn,2014,Crustaceans,Shellfish,1.28E+11,22530394000,24159628200,277453260,NA,64596800,17.6,0.115148536,NA,NA,1.26,1.16,0.7,44,34,5
Prawn,2019,Crustaceans,Shellfish,1.17E+11,18214638000,31496372846,313214670,NA,66796800,17.6,0.115148536,NA,NA,1.26,1.16,0.7,44,34,5
Prawn,2009,Crustaceans,Shellfish,1.39E+11,26899476000,26328805097,493026570,NA,62260500,17.6,0.115148536,NA,NA,1.26,1.16,0.7,44,34,5
Redfish,2019,Marine,Lean,3300922000,399211000,NA,NA,NA,66796800,17.1,0.56,3,0,1,0.3,0.2,21,50,21
Redfish,2018,Marine,Lean,6180871000,470816000,NA,NA,NA,66435600,17.1,0.56,3,0,1,0.3,0.2,21,50,21
Redfish,2012,Marine,Lean,4250966000,1188031000,NA,NA,NA,63705000,17.1,0.56,3,0,1,0.3,0.2,21,50,21
Redfish,2016,Marine,Lean,6094061000,935989000,NA,NA,NA,65648100,17.1,0.56,3,0,1,0.3,0.2,21,50,21
Redfish,2017,Marine,Lean,6353675000,797951000,NA,NA,NA,66040200,17.1,0.56,3,0,1,0.3,0.2,21,50,21
Redfish,2010,Marine,Lean,5858374000,2032492000,NA,NA,NA,62759500,17.1,0.56,3,0,1,0.3,0.2,21,50,21
Redfish,2013,Marine,Lean,4393769000,771415000,NA,NA,NA,64105700,17.1,0.56,3,0,1,0.3,0.2,21,50,21
Redfish,2014,Marine,Lean,4987430000,919447000,NA,NA,NA,64596800,17.1,0.56,3,0,1,0.3,0.2,21,50,21
Redfish,2011,Marine,Lean,5047117000,1394069000,NA,NA,NA,63285100,17.1,0.56,3,0,1,0.3,0.2,21,50,21
Redfish,2015,Marine,Lean,4656678000,787159000,NA,NA,NA,65110000,17.1,0.56,3,0,1,0.3,0.2,21,50,21
Redfish,2020,Marine,Lean,4030811000,478701000,NA,NA,NA,67081000,17.1,0.56,3,0,1,0.3,0.2,21,50,21
Redfish,2009,Marine,Lean,7764899000,3180692000,NA,NA,NA,62260500,17.1,0.56,3,0,1,0.3,0.2,21,50,21
Salmon,2017,Diadromous,Oily,81527871000,1.15E+11,90926624568,95165050000,52354980811,66040200,19.9,1.15,26,7,5.3,0.4,0.3,7,19,4
Salmon,2009,Diadromous,Oily,67195709000,70034365000,63313303078,72331700000,54316970433,62260500,19.9,1.15,26,7,5.3,0.4,0.3,7,19,4
Salmon,2018,Diadromous,Oily,85796020000,99107525000,89655990011,78316445000,58969156808,66435600,19.9,1.15,26,7,5.3,0.4,0.3,7,19,4
Salmon,2011,Diadromous,Oily,70293281000,95973826000,56393264042,79157250000,48789147147,63285100,19.9,1.15,26,7,5.3,0.4,0.3,7,19,4
Salmon,2019,Diadromous,Oily,99477987000,1.24E+11,90056271455,1.02E+11,49071813376,66796800,19.9,1.15,26,7,5.3,0.4,0.3,7,19,4
Salmon,2015,Diadromous,Oily,78615281000,1.13E+11,82151072533,86088218500,57026691679,65110000,19.9,1.15,26,7,5.3,0.4,0.3,7,19,4
Salmon,2012,Diadromous,Oily,75249289000,1.00E+11,72452166447,81297618000,46242272532,63705000,19.9,1.15,26,7,5.3,0.4,0.3,7,19,4
Salmon,2014,Diadromous,Oily,86575515000,1.24E+11,75694791211,89712939000,54439721984,64596800,19.9,1.15,26,7,5.3,0.4,0.3,7,19,4
Salmon,2010,Diadromous,Oily,64613029000,82513413000,67165156595,77317200000,50421670208,62759500,19.9,1.15,26,7,5.3,0.4,0.3,7,19,4
Salmon,2020,Diadromous,Oily,89579785000,97352117000,1.21E+11,96318233500,49565709011,67081000,19.9,1.15,26,7,5.3,0.4,0.3,7,19,4
Salmon,2013,Diadromous,Oily,81423380000,1.12E+11,78299877648,81775717000,51782585063,64105700,19.9,1.15,26,7,5.3,0.4,0.3,7,19,4
Salmon,2016,Diadromous,Oily,93140433000,99461995000,93115400194,81584440000,54999908630,65648100,19.9,1.15,26,7,5.3,0.4,0.3,7,19,4
Sardine,2017,Marine,Oily,13698562000,7202336000,6372562308,3951021724,NA,66040200,19.8,1.115218619,10,3.95,8.31,0.71,1.55,50,51,79
Sardine,2016,Marine,Oily,13141922000,7184959000,6791330386,4883095828,NA,65648100,19.8,1.115218619,10,3.95,8.31,0.71,1.55,50,51,79
Sardine,2013,Marine,Oily,12728702000,4330778000,7163577068,2067860288,NA,64105700,19.8,1.115218619,10,3.95,8.31,0.71,1.55,50,51,79
Sardine,2015,Marine,Oily,12364920000,4392865000,6319417734,2239895892,NA,65110000,19.8,1.115218619,10,3.95,8.31,0.71,1.55,50,51,79
Sardine,2010,Marine,Oily,14673222000,22846685000,7397837167,12466615356,NA,62759500,19.8,1.115218619,10,3.95,8.31,0.71,1.55,50,51,79
Sardine,2009,Marine,Oily,12459294000,13577192000,7209568664,8120661224,NA,62260500,19.8,1.115218619,10,3.95,8.31,0.71,1.55,50,51,79
Sardine,2018,Marine,Oily,12181303000,9551067000,5301213546,4264917280,NA,66435600,19.8,1.115218619,10,3.95,8.31,0.71,1.55,50,51,79
Sardine,2020,Marine,Oily,14852304000,8079600000,14089835997,4943429348,NA,67081000,19.8,1.115218619,10,3.95,8.31,0.71,1.55,50,51,79
Sardine,2019,Marine,Oily,13149534000,6938626000,5433213810,3667695044,NA,66796800,19.8,1.115218619,10,3.95,8.31,0.71,1.55,50,51,79
Sardine,2014,Marine,Oily,12693117000,3863780000,6875388226,2024394788,NA,64596800,19.8,1.115218619,10,3.95,8.31,0.71,1.55,50,51,79
Sardine,2012,Marine,Oily,14225769000,8518403000,4897647778,4475242512,NA,63705000,19.8,1.115218619,10,3.95,8.31,0.71,1.55,50,51,79
Sardine,2011,Marine,Oily,11813939000,7670979000,5890395980,4950267608,NA,63285100,19.8,1.115218619,10,3.95,8.31,0.71,1.55,50,51,79
Scallop,2019,Molluscs,Shellfish,1144371000,6824124000,878331005,8754972810,NA,66796800,17.9,0.28,4,4.2,4,1.8,0.6,7,20,11
Scallop,2015,Molluscs,Shellfish,2170361000,11371826000,1651089504,12310342410,NA,65110000,17.9,0.28,4,4.2,4,1.8,0.6,7,20,11
Scallop,2009,Molluscs,Shellfish,3510812000,11505337000,1087241948,10345739670,NA,62260500,17.9,0.28,4,4.2,4,1.8,0.6,7,20,11
Scallop,2020,Molluscs,Shellfish,986395000,5730483000,2468202116,7522780620,NA,67081000,17.9,0.28,4,4.2,4,1.8,0.6,7,20,11
Scallop,2012,Molluscs,Shellfish,1547429000,13740340000,874349489,17420815830,NA,63705000,17.9,0.28,4,4.2,4,1.8,0.6,7,20,11
Scallop,2018,Molluscs,Shellfish,1153204000,7425520000,901077398,8765528580,NA,66435600,17.9,0.28,4,4.2,4,1.8,0.6,7,20,11
Scallop,2010,Molluscs,Shellfish,2147116000,13935617000,1291190225,13231028220,NA,62759500,17.9,0.28,4,4.2,4,1.8,0.6,7,20,11
Scallop,2017,Molluscs,Shellfish,1190968000,8109410000,298663246,9785690340,NA,66040200,17.9,0.28,4,4.2,4,1.8,0.6,7,20,11
Scallop,2011,Molluscs,Shellfish,2143982000,16188763000,1826523233,16572924270,NA,63285100,17.9,0.28,4,4.2,4,1.8,0.6,7,20,11
Scallop,2016,Molluscs,Shellfish,3497678000,12228531000,488413478,11669095920,NA,65648100,17.9,0.28,4,4.2,4,1.8,0.6,7,20,11
Scallop,2014,Molluscs,Shellfish,1933855000,10635356000,894873979,11768075400,NA,64596800,17.9,0.28,4,4.2,4,1.8,0.6,7,20,11
Scallop,2013,Molluscs,Shellfish,1857061000,11292569000,488692157,15021199680,NA,64105700,17.9,0.28,4,4.2,4,1.8,0.6,7,20,11
Seabass,2017,Marine,Lean,7822842000,260047000,10284211603,220532800,NA,66040200,20,1.200530335,34,NA,3.01,0.62,0.27,14,29,8
Seabass,2011,Marine,Lean,6776932000,457037000,2382782582,643301300,NA,63285100,20,1.200530335,34,NA,3.01,0.62,0.27,14,29,8
Seabass,2014,Marine,Lean,6068823000,364210000,5549704303,646372150,NA,64596800,20,1.200530335,34,NA,3.01,0.62,0.27,14,29,8
Seabass,2019,Marine,Lean,7538622000,298624000,6531722226,206085050,NA,66796800,20,1.200530335,34,NA,3.01,0.62,0.27,14,29,8
Seabass,2013,Marine,Lean,8941379000,377031000,4510628613,528826550,NA,64105700,20,1.200530335,34,NA,3.01,0.62,0.27,14,29,8
Seabass,2012,Marine,Lean,7695639000,484078000,4727395818,546158050,NA,63705000,20,1.200530335,34,NA,3.01,0.62,0.27,14,29,8
Seabass,2016,Marine,Lean,6828030000,329443000,3182922572,275472350,NA,65648100,20,1.200530335,34,NA,3.01,0.62,0.27,14,29,8
Seabass,2020,Marine,Lean,6627389000,253524000,17244505456,262431550,NA,67081000,20,1.200530335,34,NA,3.01,0.62,0.27,14,29,8
Seabass,2015,Marine,Lean,6579416000,343239000,4887839701,343702600,NA,65110000,20,1.200530335,34,NA,3.01,0.62,0.27,14,29,8
Seabass,2010,Marine,Lean,5731162000,324460000,5116036742,607433350,NA,62759500,20,1.200530335,34,NA,3.01,0.62,0.27,14,29,8
Seabass,2018,Marine,Lean,7260262000,273958000,8174982679,217385250,NA,66435600,20,1.200530335,34,NA,3.01,0.62,0.27,14,29,8
Seabass,2009,Marine,Lean,4847143000,217276000,3075341510,513222150,NA,62260500,20,1.200530335,34,NA,3.01,0.62,0.27,14,29,8
Skate,2014,Marine,Lean,NA,NA,1352923615,1376597500,NA,64596800,14,0.03,0,0,6,0.3,0.2,83,40,20
Skate,2018,Marine,Lean,NA,NA,NA,1664280400,NA,66435600,14,0.03,0,0,6,0.3,0.2,83,40,20
Skate,2009,Marine,Lean,NA,NA,769836330,1367537650,NA,62260500,14,0.03,0,0,6,0.3,0.2,83,40,20
Skate,2017,Marine,Lean,NA,NA,NA,1347660450,NA,66040200,14,0.03,0,0,6,0.3,0.2,83,40,20
Skate,2012,Marine,Lean,NA,NA,NA,1453594050,NA,63705000,14,0.03,0,0,6,0.3,0.2,83,40,20
Skate,2013,Marine,Lean,NA,NA,230662698,1480014000,NA,64105700,14,0.03,0,0,6,0.3,0.2,83,40,20
Skate,2011,Marine,Lean,NA,NA,NA,1517132250,NA,63285100,14,0.03,0,0,6,0.3,0.2,83,40,20
Skate,2020,Marine,Lean,NA,NA,522798117,1425650700,NA,67081000,14,0.03,0,0,6,0.3,0.2,83,40,20
Skate,2019,Marine,Lean,NA,NA,NA,1736802600,NA,66796800,14,0.03,0,0,6,0.3,0.2,83,40,20
Skate,2016,Marine,Lean,NA,NA,NA,1406553400,NA,65648100,14,0.03,0,0,6,0.3,0.2,83,40,20
Skate,2015,Marine,Lean,NA,NA,NA,1397351700,NA,65110000,14,0.03,0,0,6,0.3,0.2,83,40,20
Skate,2010,Marine,Lean,NA,NA,NA,1519682000,NA,62759500,14,0.03,0,0,6,0.3,0.2,83,40,20
Sole,2019,Marine,Lean,386364000,1096943000,NA,810039780,NA,66796800,16.7,0.094119247,NA,NA,1.01,0.31,0.12,17,50,23
Sole,2020,Marine,Lean,328824000,1508490000,NA,964178235,NA,67081000,16.7,0.094119247,NA,NA,1.01,0.31,0.12,17,50,23
Sole,2016,Marine,Lean,466301000,842789000,NA,896922990,NA,65648100,16.7,0.094119247,NA,NA,1.01,0.31,0.12,17,50,23
Sole,2018,Marine,Lean,305604000,1086499000,NA,835533315,NA,66435600,16.7,0.094119247,NA,NA,1.01,0.31,0.12,17,50,23
Sole,2009,Marine,Lean,332120000,1239859000,NA,1082529495,NA,62260500,16.7,0.094119247,NA,NA,1.01,0.31,0.12,17,50,23
Sole,2013,Marine,Lean,321659000,970957000,NA,1035097200,NA,64105700,16.7,0.094119247,NA,NA,1.01,0.31,0.12,17,50,23
Sole,2017,Marine,Lean,256853000,857737000,NA,828619200,NA,66040200,16.7,0.094119247,NA,NA,1.01,0.31,0.12,17,50,23
Sole,2015,Marine,Lean,374623000,611688000,NA,886248990,NA,65110000,16.7,0.094119247,NA,NA,1.01,0.31,0.12,17,50,23
Sole,2011,Marine,Lean,612135000,1128134000,NA,1003078800,NA,63285100,16.7,0.094119247,NA,NA,1.01,0.31,0.12,17,50,23
Sole,2012,Marine,Lean,308554000,1052014000,218617213,912290175,NA,63705000,16.7,0.094119247,NA,NA,1.01,0.31,0.12,17,50,23
Sole,2010,Marine,Lean,433704000,1116462000,465044651,1017304785,NA,62759500,16.7,0.094119247,NA,NA,1.01,0.31,0.12,17,50,23
Sole,2014,Marine,Lean,190885000,837885000,544186499,1056471120,NA,64596800,16.7,0.094119247,NA,NA,1.01,0.31,0.12,17,50,23
Sprat,2020,Marine,Oily,1855878000,483458000,NA,NA,NA,67081000,12.4,2.56,150,18.7,7,0.9,0.8,47,10,6
Sprat,2011,Marine,Oily,295953000,2261061000,568251672,NA,NA,63285100,12.4,2.56,150,18.7,7,0.9,0.8,47,10,6
Sprat,2009,Marine,Oily,1106738000,219593000,NA,NA,NA,62260500,12.4,2.56,150,18.7,7,0.9,0.8,47,10,6
Sprat,2013,Marine,Oily,129494000,3551976000,NA,NA,NA,64105700,12.4,2.56,150,18.7,7,0.9,0.8,47,10,6
Sprat,2016,Marine,Oily,139287000,1076872000,NA,NA,NA,65648100,12.4,2.56,150,18.7,7,0.9,0.8,47,10,6
Sprat,2010,Marine,Oily,94005000,1957368000,1056833881,NA,NA,62759500,12.4,2.56,150,18.7,7,0.9,0.8,47,10,6
Sprat,2014,Marine,Oily,93234000,2833042000,1009354928,NA,NA,64596800,12.4,2.56,150,18.7,7,0.9,0.8,47,10,6
Sprat,2015,Marine,Oily,311926000,1590390000,NA,NA,NA,65110000,12.4,2.56,150,18.7,7,0.9,0.8,47,10,6
Sprat,2019,Marine,Oily,2735921000,608423000,NA,NA,NA,66796800,12.4,2.56,150,18.7,7,0.9,0.8,47,10,6
Sprat,2018,Marine,Oily,851175000,440370000,2312765323,NA,NA,66435600,12.4,2.56,150,18.7,7,0.9,0.8,47,10,6
Sprat,2012,Marine,Oily,72493000,1963867000,NA,NA,NA,63705000,12.4,2.56,150,18.7,7,0.9,0.8,47,10,6
Sprat,2017,Marine,Oily,240961000,1047808000,597566963,NA,NA,66040200,12.4,2.56,150,18.7,7,0.9,0.8,47,10,6
Squid,2012,Molluscs,Other,7969023000,2184400000,1626964464,6049799840,NA,63705000,15.4,0.59,15,0,3,1.1,0.5,13,66,50
Squid,2015,Molluscs,Other,6108964000,3147075000,1102146156,4996180400,NA,65110000,15.4,0.59,15,0,3,1.1,0.5,13,66,50
Squid,2019,Molluscs,Other,3514745000,3453871000,2901313436,5788471120,NA,66796800,15.4,0.59,15,0,3,1.1,0.5,13,66,50
Squid,2009,Molluscs,Other,5709326000,1565956000,2498664929,4333002560,NA,62260500,15.4,0.59,15,0,3,1.1,0.5,13,66,50
Squid,2011,Molluscs,Other,8043850000,2820364000,1837810778,3725815040,NA,63285100,15.4,0.59,15,0,3,1.1,0.5,13,66,50
Squid,2018,Molluscs,Other,3206064000,3066978000,2565625192,6251622080,NA,66435600,15.4,0.59,15,0,3,1.1,0.5,13,66,50
Squid,2014,Molluscs,Other,6812439000,2686183000,2371748127,5489787200,NA,64596800,15.4,0.59,15,0,3,1.1,0.5,13,66,50
Squid,2017,Molluscs,Other,4794794000,3208735000,1720463821,6753559280,NA,66040200,15.4,0.59,15,0,3,1.1,0.5,13,66,50
Squid,2013,Molluscs,Other,8022550000,2782574000,970322713,3186167440,NA,64105700,15.4,0.59,15,0,3,1.1,0.5,13,66,50
Squid,2010,Molluscs,Other,7227765000,2861771000,1144331491,6625716080,NA,62759500,15.4,0.59,15,0,3,1.1,0.5,13,66,50
Squid,2020,Molluscs,Other,2468124000,2116239000,2081517118,3479812400,NA,67081000,15.4,0.59,15,0,3,1.1,0.5,13,66,50
Squid,2016,Molluscs,Other,5638025000,2829084000,2648116401,3738871840,NA,65648100,15.4,0.59,15,0,3,1.1,0.5,13,66,50
Trout,2010,Diadromous,Oily,282977000,926265000,7120246709,6094433000,NA,62759500,19.9,1.026,25,7.89,2.84,0.47,0.28,21,19,5
Trout,2012,Diadromous,Oily,679206000,1166430000,5392020796,5665236670,NA,63705000,19.9,1.026,25,7.89,2.84,0.47,0.28,21,19,5
Trout,2016,Diadromous,Oily,2424138000,6470126000,2280283159,6072359380,NA,65648100,19.9,1.026,25,7.89,2.84,0.47,0.28,21,19,5
Trout,2013,Diadromous,Oily,960606000,1048243000,7006868153,5499959720,NA,64105700,19.9,1.026,25,7.89,2.84,0.47,0.28,21,19,5
Trout,2009,Diadromous,Oily,727035000,1042354000,8518799531,6677900000,NA,62260500,19.9,1.026,25,7.89,2.84,0.47,0.28,21,19,5
Trout,2011,Diadromous,Oily,370382000,1641383000,3715406553,5451884000,NA,63285100,19.9,1.026,25,7.89,2.84,0.47,0.28,21,19,5
Trout,2019,Diadromous,Oily,1149149000,10807569000,1917088331,5589959150,NA,66796800,19.9,1.026,25,7.89,2.84,0.47,0.28,21,19,5
Trout,2020,Diadromous,Oily,820211000,6893320000,3179044326,5432929170,NA,67081000,19.9,1.026,25,7.89,2.84,0.47,0.28,21,19,5
Trout,2015,Diadromous,Oily,817394000,2926860000,7270063255,6517901300,NA,65110000,19.9,1.026,25,7.89,2.84,0.47,0.28,21,19,5
Trout,2014,Diadromous,Oily,549761000,1868517000,5178296646,5588153150,NA,64596800,19.9,1.026,25,7.89,2.84,0.47,0.28,21,19,5
Trout,2017,Diadromous,Oily,2213450000,6400972000,3530574710,5725607380,NA,66040200,19.9,1.026,25,7.89,2.84,0.47,0.28,21,19,5
Trout,2018,Diadromous,Oily,1337415000,5062252000,6863512028,5193669860,NA,66435600,19.9,1.026,25,7.89,2.84,0.47,0.28,21,19,5
Tuna,2015,Marine,Oily,1.17E+11,5221536000,64452155473,NA,NA,65110000,25.2,0.082995816,76,3.2,2.21,0.39,0.72,4,93,18
Tuna,2010,Marine,Oily,1.11E+11,6733133000,75722044216,NA,NA,62759500,25.2,0.082995816,76,3.2,2.21,0.39,0.72,4,93,18
Tuna,2017,Marine,Oily,1.13E+11,4648864000,69778103635,NA,NA,66040200,25.2,0.082995816,76,3.2,2.21,0.39,0.72,4,93,18
Tuna,2018,Marine,Oily,1.09E+11,7965972000,75842213764,NA,NA,66435600,25.2,0.082995816,76,3.2,2.21,0.39,0.72,4,93,18
Tuna,2014,Marine,Oily,1.11E+11,6094149000,63602514112,NA,NA,64596800,25.2,0.082995816,76,3.2,2.21,0.39,0.72,4,93,18
Tuna,2012,Marine,Oily,1.11E+11,7621774000,67675428437,NA,NA,63705000,25.2,0.082995816,76,3.2,2.21,0.39,0.72,4,93,18
Tuna,2016,Marine,Oily,1.21E+11,5446286000,82094666366,NA,NA,65648100,25.2,0.082995816,76,3.2,2.21,0.39,0.72,4,93,18
Tuna,2013,Marine,Oily,1.22E+11,6660490000,67147031502,NA,NA,64105700,25.2,0.082995816,76,3.2,2.21,0.39,0.72,4,93,18
Tuna,2019,Marine,Oily,1.09E+11,4615649000,82581264852,NA,NA,66796800,25.2,0.082995816,76,3.2,2.21,0.39,0.72,4,93,18
Tuna,2009,Marine,Oily,1.19E+11,8961054000,67886653155,NA,NA,62260500,25.2,0.082995816,76,3.2,2.21,0.39,0.72,4,93,18
Tuna,2020,Marine,Oily,1.04E+11,4840551000,64770867106,NA,NA,67081000,25.2,0.082995816,76,3.2,2.21,0.39,0.72,4,93,18
Tuna,2011,Marine,Oily,1.19E+11,4234196000,65025403890,NA,NA,63285100,25.2,0.082995816,76,3.2,2.21,0.39,0.72,4,93,18
Turbot,2017,Marine,Lean,103013000,258031000,NA,415357380,NA,66040200,15.9,0.49,4,1.7,0.8,0.6,0.2,16,30,35
Turbot,2011,Marine,Lean,NA,NA,NA,347644260,NA,63285100,15.9,0.49,4,1.7,0.8,0.6,0.2,16,30,35
Turbot,2020,Marine,Lean,83146000,237426000,NA,326573595,NA,67081000,15.9,0.49,4,1.7,0.8,0.6,0.2,16,30,35
Turbot,2013,Marine,Lean,98896000,179124000,NA,336917880,NA,64105700,15.9,0.49,4,1.7,0.8,0.6,0.2,16,30,35
Turbot,2018,Marine,Lean,117029000,394397000,NA,355521420,NA,66435600,15.9,0.49,4,1.7,0.8,0.6,0.2,16,30,35
Turbot,2015,Marine,Lean,137390000,267798000,NA,355559535,NA,65110000,15.9,0.49,4,1.7,0.8,0.6,0.2,16,30,35
Turbot,2012,Marine,Lean,105879000,256285000,NA,341778330,NA,63705000,15.9,0.49,4,1.7,0.8,0.6,0.2,16,30,35
Turbot,2016,Marine,Lean,135655000,270118000,NA,392750685,NA,65648100,15.9,0.49,4,1.7,0.8,0.6,0.2,16,30,35
Turbot,2009,Marine,Lean,NA,NA,NA,307468710,NA,62260500,15.9,0.49,4,1.7,0.8,0.6,0.2,16,30,35
Turbot,2010,Marine,Lean,NA,NA,NA,328523490,NA,62759500,15.9,0.49,4,1.7,0.8,0.6,0.2,16,30,35
Turbot,2019,Marine,Lean,152342000,352612000,NA,360048105,NA,66796800,15.9,0.49,4,1.7,0.8,0.6,0.2,16,30,35
Turbot,2014,Marine,Lean,220002000,277970000,NA,378119565,NA,64596800,15.9,0.49,4,1.7,0.8,0.6,0.2,16,30,35
Whiting,2020,Marine,Lean,773308000,3774279000,NA,6620700050,NA,67081000,18.3,0.26,3,0.7,0.8,0.5,0.3,50,25,278
Whiting,2014,Marine,Lean,2463577000,4117368000,NA,5910577200,NA,64596800,18.3,0.26,3,0.7,0.8,0.5,0.3,50,25,278
Whiting,2012,Marine,Lean,589879000,1839658000,1039479194,5569447950,NA,63705000,18.3,0.26,3,0.7,0.8,0.5,0.3,50,25,278
Whiting,2010,Marine,Lean,1582593000,1894339000,113918457,4614106100,NA,62759500,18.3,0.26,3,0.7,0.8,0.5,0.3,50,25,278
Whiting,2013,Marine,Lean,1451001000,3340244000,NA,6344279100,NA,64105700,18.3,0.26,3,0.7,0.8,0.5,0.3,50,25,278
Whiting,2009,Marine,Lean,1320946000,3090809000,826303880,5121695000,NA,62260500,18.3,0.26,3,0.7,0.8,0.5,0.3,50,25,278
Whiting,2017,Marine,Lean,2582770000,2319182000,408798325,5183909050,NA,66040200,18.3,0.26,3,0.7,0.8,0.5,0.3,50,25,278
Whiting,2019,Marine,Lean,823532000,2683152000,473576489,6442532050,NA,66796800,18.3,0.26,3,0.7,0.8,0.5,0.3,50,25,278
Whiting,2011,Marine,Lean,1181534000,1520980000,858281422,4996918000,NA,63285100,18.3,0.26,3,0.7,0.8,0.5,0.3,50,25,278
Whiting,2015,Marine,Lean,2155295000,2132812000,NA,5699026800,NA,65110000,18.3,0.26,3,0.7,0.8,0.5,0.3,50,25,278
Whiting,2018,Marine,Lean,1622122000,2184489000,NA,5887532200,NA,66435600,18.3,0.26,3,0.7,0.8,0.5,0.3,50,25,278
Whiting,2016,Marine,Lean,2374408000,2223332000,NA,5348259600,NA,65648100,18.3,0.26,3,0.7,0.8,0.5,0.3,50,25,278
Winkle,2017,Molluscs,Shellfish,NA,NA,336657444,NA,NA,66040200,15.2,0.16,30,0,0.5,1,3.5,10,27,NA
Winkle,2011,Molluscs,Shellfish,NA,NA,464933186,NA,NA,63285100,15.2,0.16,30,0,0.5,1,3.5,10,27,NA
